UniqueCount	AmbigCount
1161	0
7629	0
9259	0
168	0
69	0
3	0
59	0
9	0
30	0
52	0
28	0
56	0
16	0
104	0
133	0
207	0
264	0
127	0
81	0
247	0
180	0
147	0
232	0
53	0
28	0
112	0
446	0
475	0
12	0
9	0
22	0
6	0
3	0
20	0
4	0
16	0
40	0
41	0
217	0
145	0
144	0
670	0
1003	0
103	0
401	0
482	0
48	0
238	0
63	0
303	0
92	0
215	0
340	0
168	0
127	0
45	0
136	0
556	0
77	0
530	0
695	0
2177	0
87	0
429	0
12143	0
238	0
995	0
874	0
1385	0
2335	0
156	0
129	0
461	0
106	0
1829	0
192	0
569	0
41	0
55	0
673	0
117	0
73	0
399	0
220	0
321	0
22	0
67	0
118	0
90	0
8	0
29	0
6	0
1291	0
497	0
557	0
1389	0
288	0
14	0
647	0
1297	0
2059	0
2518	0
1495	0
5923	0
3348	0
5994	0
502	0
156	0
34	0
308	0
1510	0
347	0
860	0
3997	0
51	0
423	0
1012	0
103	0
23	0
21	0
30	0
74	0
939	0
903	0
74	0
108	0
475	0
83	0
173	0
53	0
37	0
9	0
25	0
2052	0
147	0
178	0
91	0
293	0
59	0
14	0
50	0
498	0
234	0
4603	0
1703	0
1463	0
203	0
354	0
78	0
724	0
437	0
1259	0
25	0
89	0
17	0
70	0
19	0
26	0
39	0
73	0
103	0
15	0
29	0
3	0
2	0
13	0
6	0
88	0
40	0
57	0
49	0
22	0
5	0
12	0
40	0
17	0
9	0
368	0
38	0
17	0
13	0
110	0
488	0
859	0
53	0
97	0
4936	0
5372	0
11	0
2980	0
2483	0
520	0
1022	0
1486	0
9	0
1	0
17	0
36	0
6	0
2	0
3	0
23	0
19	0
6	0
10	0
2120	0
1377	0
549	0
283	0
861	0
51	0
105	0
41	0
17	0
139	0
45	0
340	0
11	0
94	0
790	0
1045	0
325	0
529	0
1066	0
44	0
274	0
641	0
348	0
316	0
521	0
65	0
140	0
128	0
710	0
49	0
22	0
116	0
283	0
877	0
3595	0
43579	0
2270	0
312	0
326	0
348	0
106	0
239	0
1438	0
261	0
1163	0
86	0
47	0
3101	0
2128	0
1053	0
5504	0
1766	0
3281	0
1359	0
825	0
2072	0
1671	0
741	0
195	0
481	0
42	0
133	0
94	0
216	0
96	0
171	0
3884	0
227	0
804	0
200	0
148	0
7	0
344	1365
36	0
40	0
1909	0
90	0
441	0
231	0
563	0
3204	0
316	0
5	423
91	0
68	0
251	0
757	0
186	0
7	0
17	0
6	0
39	0
23	0
49	0
95	0
24	0
29	0
19	0
165	0
724	0
109	0
67	0
95	0
8	0
59	0
51	0
91	0
330	0
2274	0
113	0
33	0
2792	0
1144	0
1893	0
146	0
431	0
109	0
8117	0
147	0
478	0
75	0
14	0
120	0
49	0
133	0
129	0
27	0
1128	48117
3869	0
6314	0
5220	0
7235	0
8844	0
15866	0
14202	0
16746	0
831	0
3903	0
8432	0
21558	1
868	48117
3061	0
8984	0
13300	0
6874	0
9087	0
6435	0
3157	0
14128	0
7093	0
1726	0
6177	0
10490	0
6492	0
10332	0
9259	0
8806	0
11397	0
6128	0
6929	0
4499	0
7466	0
12967	0
4091	0
3185	0
11095	0
8223	0
8772	0
9265	0
2802	0
369	0
1046	0
2231	0
654	0
2756	0
1295	0
839	0
442	0
119	0
1105	0
264	0
925	5
35	0
5	0
25	0
120	0
677	0
811	0
389	0
465	0
42	0
58	0
105	0
37	0
3500	0
2904	0
10282	0
2300	0
305	0
32	0
92	0
107	0
45	0
622	0
884	0
147	0
1013	0
501	0
531	0
359	0
641	0
808	0
2176	0
78	0
711	0
123	0
246	0
660	0
237	0
807	0
197	0
465	0
68	0
161	0
1262	0
377	0
407	0
251	0
1413	0
1650	0
2409	0
1202	0
707	0
719	0
789	0
680	0
670	0
2290	0
4178	0
549	0
208	0
103	0
33	0
43	0
20	0
302	0
362	0
261	0
1656	0
793	0
713	0
0	0
285	0
1379	0
3067	0
699	0
21	0
351	0
840	0
696	0
3359	0
4721	0
11609	0
31260	0
926	0
1047	0
369	0
1698	0
718	0
1641	0
599	0
519	0
561	0
1421	0
10	0
158	0
107	0
377	0
211	0
1178	0
699	0
931	0
90	0
3	0
13	0
41	0
283	0
48	0
109	0
884	0
212	0
204	0
81	0
184	0
35	0
329	0
209	0
3719	0
1031	0
1427	0
206	0
227	0
2473	0
39	0
341	0
1423	0
8	0
151	0
1100	0
224	0
223	0
2258	0
3	0
33	0
15	0
153	0
196	0
82	0
2432	0
376	0
2724	0
952	0
250	0
173	0
193	0
502	0
597	0
613	0
970	0
276	0
652	0
445	0
693	0
76	0
19	0
41	0
109	3
197	0
849	0
166	0
3715	0
4	0
1025	0
702	0
2330	0
2581	0
177	0
869	0
1023	0
731	0
449	0
767	0
435	0
535	0
607	0
983	0
623	0
1428	0
6304	0
1630	0
2646	0
1330	0
11824	0
1581	0
1394	0
314	0
92	0
1270	0
37	0
54	0
7	0
36	0
424	0
1158	0
8066	0
4025	0
1684	0
797	0
579	0
3588	0
2141	0
312	0
1064	0
3156	0
609	0
243	0
128	0
31398	0
19230	0
4423	0
21190	0
8322	0
4566	0
1183	0
837	0
385	0
1203	0
775	0
724	0
360	0
160	75
849	0
1842	0
358	0
2234	0
471	0
108	0
407	0
90	0
2486	0
1674	0
1090	0
1239	0
3274	0
2231	0
776	0
736	0
483	0
634	0
80	0
86	0
59	0
145	0
1607	0
808	0
1484	0
403	0
248	0
135	0
188	0
8209	0
8054	0
37	0
27	0
15	0
7	0
37	0
160	0
150	0
39	0
11	0
1082	0
1810	0
962	0
142	0
160	0
9942	0
1248	0
950	0
2131	0
236	0
171	0
3995	0
2401	0
694	0
2285	0
247	0
211	0
2976	0
205	0
2168	0
7370	0
209	0
334	0
962	0
19	0
429	0
233	0
21	0
372	0
56	0
27189	0
1758	0
10080	0
95	0
1869	0
165	0
216	0
18	0
177	0
1597	0
181	0
70	0
1290	0
207	0
1598	0
108	0
473	0
717	0
70	0
775	0
199	0
698	0
86	0
502	0
12	0
7	0
57	0
38	0
2	0
707	0
269	0
84	0
396	0
39	0
169	0
254	0
1136	0
2077	0
46	0
89	0
1053	0
2134	0
1151	0
656	0
442	0
844	0
2342	0
2145	0
60	0
1048	0
225	0
230	0
126	0
112	0
510	0
526	0
1142	0
247	0
34005	0
270	0
1908	0
682	0
431	0
938	0
445	0
759	0
1432	0
630	0
228	0
76	0
10	0
13264	0
2909	0
108046	0
6475	0
808	0
192	0
217	0
736	0
2470	0
706	0
182	0
4768	0
36	0
75	0
206	0
1332	0
205	0
241	0
167	0
353	0
1283	0
165	0
208	0
159	0
247	0
102	0
149	0
388	0
402	0
156	0
156	0
970	0
46	0
528	0
61	0
235	0
117	0
206	0
181	0
1077	0
73	0
40	0
99	0
179	0
366	0
112	0
210	0
2783	0
5440	0
3773	0
811	0
457	0
406	0
130	0
733	0
13367	0
196	0
64	0
602	0
746	0
11602	0
2424	0
435	0
86	0
104	0
379	0
28	0
7	0
7	0
14	0
52	0
37	0
146	0
107	0
1558	0
11719	0
14	0
424	0
77	0
19	0
135	0
958	0
1006	0
93	0
21	0
41	0
150	0
70	0
784	0
198	0
36	0
38	0
32	0
47	0
35	0
58	0
155	0
13	0
56	0
27	0
0	0
55	0
114	0
20	0
24	0
22	0
98	0
12	0
14643	0
66775	0
431	0
2157	0
322	0
1411	0
331	0
231	0
686	0
433	0
276	0
151	0
1781	0
1404	0
1122	0
1286	0
405	0
453	0
676	0
1316	0
1349	0
980	0
326	0
2575	0
7	0
246	0
71	0
136	0
510	0
93	0
222	0
67	0
34	0
71	0
1934	0
202	0
571	0
276	0
4	0
6	0
4	0
29	0
1	0
9	0
23	0
106	0
123	0
12	0
11	0
2	0
4	0
39	0
269	0
2268	0
612	0
10840	0
28	0
118	0
625	0
415	0
46	0
1352	0
163	0
178	0
16	0
8	0
619	0
82	0
298	0
21	0
169	0
256	0
1241	0
11	0
19	0
10	0
55	0
30	0
37	0
13	0
16	0
11	0
33	0
28	0
4	0
6	0
70	0
25	0
68	0
151	0
135	0
1580	0
48	0
516	0
4219	0
411	0
1273	0
1776	0
2283	0
251	0
429	0
672	0
1664	0
126	0
354	0
108	0
1649	0
1049	0
4128	0
3892	0
630	0
650	0
1275	0
16	0
313	0
7997	0
1825	0
1518	0
965	0
44	0
1411	0
16	0
26	0
566	0
822	0
1802	0
463	0
15	0
7	0
171	0
606	0
46	0
35	0
15	0
33	0
78	0
713	0
407	0
938	0
1598	0
1881	0
4510	0
6235	0
912	0
1756	0
648	0
5224	0
809	0
158	0
3816	0
48	0
76	0
5	0
446	0
8	0
1325	0
765	0
1196	0
91	0
211	0
34	0
369	0
239	0
66	0
39	0
540	0
275	0
1	0
312	0
385	0
395	0
4	0
29	0
28	0
18	0
443	0
76	0
88	0
332	0
709	0
49054	0
10189	0
6303	0
2706	0
1343	0
416	0
731	0
2890	0
36677	0
2838	0
627	0
491	0
781	2
382	0
474	0
352	0
1925	0
701	0
344	0
116	0
389	0
136	0
412	0
8670	0
5809	0
3094	0
1093	0
634	0
38	0
78	0
11429	0
2403	0
1581	0
12577	0
419	0
361	0
42	0
361	0
440	0
976	0
545	0
1716	0
1846	0
108	0
5	0
46	0
1695	0
81	0
57	0
17	0
523	0
2325	0
55	0
48	0
849	0
1178	0
5	0
13	0
119	0
660	0
968	0
1250	0
247	0
192	0
481	0
452	0
57	0
137	0
84	0
22	0
288	0
8151	0
1906	0
737	0
210	0
1157	0
53	0
78	0
3078	0
7399	0
2108	0
1345	0
899	0
991	0
5742	0
3567	0
74	0
6968	0
2125	0
1934	0
2177	0
128	0
3118	0
1308	0
3712	0
1013	0
508	0
424	0
140	0
314	0
1090	0
5669	0
98	0
709	0
253	0
145	0
22	0
27	0
3251	0
4574	0
144	0
122	0
100	0
92	0
109	0
356	0
158	0
593	0
473	0
867	0
5938	0
369	0
24	0
104	0
1082	0
13	0
77	0
208	0
118	0
145	0
105	0
733	0
88	0
106	0
295	0
14	0
13	0
212	64
81	0
185	0
606	0
301	0
189	0
270	0
405	0
147	0
13	0
635	0
407	0
1502	0
388	0
6344	0
541	336
1475	0
94	0
54	12
89	0
152	0
131	0
217	0
6	0
16	0
18	0
0	0
636	0
397	0
32	0
178	0
194	0
495	0
1652	0
255	0
12	0
258	0
475	0
553	0
251	0
165	0
68	0
74	0
180	0
37	0
370	0
3757	0
15	0
28	0
60	0
34	0
29	0
13	0
8	0
4	0
2	0
0	0
5	0
16	0
61	0
20	0
5	0
1	0
11	0
180	0
130	0
223	0
135	0
248	0
171	0
106	0
2	0
33	0
17	0
131	0
13	0
16	0
22	0
13	0
48	0
20	0
194	0
103	0
31	0
40	0
13091	0
14881	0
179	0
9	0
222	0
3	0
10	0
410	0
52	0
125	0
73	0
36	0
43	0
33	0
4	0
94	0
301	0
58	0
6	0
5580	716
1972	0
104	0
267	0
560	0
341	0
1942	0
2054	0
65	0
1624	0
407	0
3550	0
2862	0
296	0
584	0
3489	0
43321	0
241	0
957	0
768	0
77	0
54	0
261	0
199	0
121	0
79	0
508	0
817	0
210	0
870	0
1367	0
282	0
30	0
37	0
188	0
81	0
305	0
403	0
62	0
174	0
1463	0
233	0
416	0
77	0
292	0
235	0
17	0
4	0
13	0
2	0
5	0
2	0
6	0
4	0
11	0
0	0
19	0
74	0
297	0
68	0
227	0
100	0
85	0
62	0
25	0
11	0
74	0
8	0
19	0
19	0
146	0
180	0
61	0
294	0
291	0
40	0
73	0
17	0
375	0
155	0
80	0
41	0
66	0
32	0
48	0
73	0
14	0
13	0
13	0
33	0
86	0
70	0
134	0
75	0
214	0
107	0
84	0
128	0
961	0
466	0
997	0
287	0
45	0
154	0
244	0
254	0
19	0
91	0
29	0
43	0
33	0
21	0
2	2
38	0
0	0
11	24
0	0
32	1
15	0
27	0
7	0
43	0
1731	0
382	0
5648	0
942	0
117	0
221	0
5309	0
58	0
16	0
116	0
60	0
27	0
48	0
48	0
20	0
52	0
4	0
15	0
23	0
12	0
24	0
14	0
20	0
8	0
4	0
21	0
7	0
11	0
62	0
67	0
78	0
191	0
714	0
1637	0
849	0
712	0
289	0
4270	2
7112	0
2423	0
234	0
536	0
190	0
33	0
2	0
25	0
273	0
574	0
16	0
300	0
1093	0
204	0
385	0
391	0
864	0
4401	0
665	0
1986	0
1030	1340
931	0
547	0
260	0
4124	0
1854	0
25	0
9	0
3	0
47	0
728	0
626	0
1657	0
157	0
8789	0
9434	0
26873	0
10753	0
1269	0
2007	0
404	0
187	0
109	0
0	0
239	0
4276	0
599	0
300	0
19011	0
122	0
659	0
1026	0
97	0
288	0
395	0
3356	0
4521	0
2983	0
7682	0
23397	0
381	0
159	0
90	0
197	0
177	0
109	0
5541	0
14034	0
3948	0
3283	0
309	0
64	0
3954	0
298	0
455	0
647	0
13689	0
464	0
331	0
618	0
1419	0
518	0
1192	0
247	0
379	0
833	0
94	0
535	0
828	0
1157	0
596	0
378	0
165	0
352	0
621	0
49	0
269	0
50	0
22	0
63	0
325	0
162	0
387	0
540	0
14	0
4409	0
330	0
45	0
990	0
164	0
123	0
60	0
1303	0
615	0
287	0
211	0
1888	0
111	0
85	0
336	0
74	0
32	0
14	0
29	0
39	0
1210	0
307	0
1470	0
6	0
14	0
1466	0
3265	0
21	0
697	0
199	0
174	0
141	0
88	0
689	0
132	0
29	0
31	0
49	0
67	0
103	0
56	0
59	0
559	0
14	0
12	0
85	0
554	0
307	0
814	0
39	0
71	0
378	0
536	0
842	0
1204	0
242	0
53	0
62	0
147	0
215	0
1056	0
342	0
639	0
1121	0
411	0
176	0
44	0
24806	0
5341	0
4901	0
355	0
20	0
4	0
5	0
525	0
113	0
251	0
253	0
81	0
2	0
1708	0
357	0
105	0
215	0
4	0
561	0
12291	0
13470	0
16143	0
3650	0
2724	0
1624	0
1540	0
5935	0
45694	0
24392	0
7931	0
20196	0
37163	0
7255	0
9626	0
85	0
105	0
230	0
16	0
45	0
175	0
3	0
80	0
17	0
251	0
602	0
191	0
26	0
83	0
119	0
223	0
57	0
17	0
52	0
94	0
4	0
28	0
80	0
1259	0
148	0
113	0
60	0
227	0
193	0
137	0
22	0
92	0
4	0
31	0
256	0
221	0
1349	0
113	0
36	0
13	0
8	0
52	0
784	0
8	0
33	0
25	0
38	0
18	0
46	0
6	0
4	0
173	0
60	0
3	0
7	0
11	0
0	0
243	0
15	0
16	0
20	0
8	0
4	0
13	0
21	0
1	0
32	0
12	0
3	0
8	0
1	0
142	0
169	0
452	0
358	0
171	0
35	0
576	0
154	0
70	0
129	0
148	0
41	0
154	0
150	0
112	0
229	0
756	0
92	0
190	0
513	0
32	0
79	0
31	0
252	0
214	0
92	0
6923	0
5869	0
726	0
29	0
29	0
104	0
615	0
221	0
19	0
4	0
6	0
1376	0
1011	0
425	0
179	0
74	0
16	0
10	0
43	0
68	0
20	0
51	0
151	0
51	0
99	0
2234	0
64	0
1038	0
23	0
23	0
473	0
170	0
21	0
335	0
366	0
174	0
375	0
635	0
5	0
140	0
660	0
86	0
247	0
1991	0
4924	0
863	3233
1587	0
578	0
874	0
2315	0
1844	0
2864	0
5886	0
888	0
632	0
2212	0
8078	0
528	0
25	0
1059	0
2735	0
3187	0
5124	0
1018	0
2897	0
1568	0
3004	0
2233	0
2711	0
2439	0
5706	0
6892	0
941	0
25	0
437	0
3555	0
3458	0
873	0
1306	0
768	0
1298	0
3919	0
5321	0
13575	0
6042	0
17	0
12	0
71	0
3074	0
127	0
42	0
7	0
5	0
8	0
6	0
4	0
11	0
110	0
55	0
78	0
1254	0
429	0
87709	5
487	0
409	0
459	0
766	0
718	0
1430	0
2077	0
1855	0
204	0
394	0
123	0
974	0
370	0
396	0
5596	0
934	0
1288	0
1968	0
382	0
191	12
292	0
787	0
1016	0
4601	0
7393	0
3009	0
5905	0
126	0
189	0
445	0
34	0
30	0
47	0
1280	0
185	0
1016	0
10	0
7439	103
505	0
124	0
351	0
730	0
838	0
117	0
441	0
425	0
544	0
1186	0
609	0
64	0
183	0
249	0
1105	0
133	0
43	0
179	0
408	0
187	0
1058	0
93	0
947	0
1067	0
415	0
101	0
1088	0
94	0
3285	0
110	0
81	0
803	0
280	0
286	0
1812	0
135225	0
8280	0
4674	0
14900	0
265	0
345	0
243	0
301	0
8	0
2	0
8	0
164	0
147	0
163	0
146	0
197	0
515	0
2763	0
526	0
41513	0
2130	0
202	0
170	0
2401	0
2197	0
366	0
24	0
1115	5
4331	0
1300	0
483	0
997	0
283	0
26	0
251	0
63	0
94	0
181	0
29	0
142	0
161	0
197	0
242	0
13	0
14	0
37	0
289	0
91	0
1040	0
27	0
25	0
42	0
3	0
16	0
5	0
3	0
6	0
1	0
68	0
18	0
23	0
62	0
55	0
124	0
15	0
11	0
34	0
56	0
2094	0
537	0
5955	0
7	0
13	0
156	0
152	0
38	0
42	0
544	0
3721	0
721	0
222	0
12341	0
294	0
140	0
399	0
548	0
1722	0
696	0
1457	0
2071	0
5906	0
726	0
884	0
320	0
586	0
5767	0
1798	0
10403	0
14255	0
2198	0
1822	0
1034	0
111	0
446	0
1276	0
4428	0
57	19
225	148
866	0
3571	0
510	0
460	0
291	0
143	0
199	0
1161	0
77	0
448	0
967	0
596	0
103	0
153	0
748	0
177	0
373	0
2154	0
7405	0
834	0
152	0
98	0
15	0
339	0
439	0
104	0
133	0
1648	0
69	0
1354	0
124	0
65	0
50	0
271	0
236	0
26	0
66	0
44	0
5	0
184	0
327	0
1086	0
743	0
224	0
82	0
3624	0
274	0
2765	0
1195	0
3818	0
2056	0
2707	0
4698	0
369	0
340	0
411	0
2127	0
597	0
294	0
1403	0
624	0
9526	0
1438	0
3741	0
153	0
1608	0
3138	0
519	0
2157	0
178	0
320	0
1384	0
506	0
95	0
4577	0
7027	0
662	0
242	0
5717	0
2085	0
9087	0
534	0
307	0
191	0
344	0
566	0
371	0
167	0
4550	0
1854	0
1132	0
77	0
288	0
1264	0
399	0
1150	0
3323	0
4147	0
2182	0
287	0
48	0
723	0
652	0
808	0
1306	0
53508	0
6582	300
8129	1029
23497	0
2366	0
2608	0
1683	0
19438	0
72	0
292	0
34	0
350	0
268	0
488	0
390	0
6317	0
788	0
166	0
90	0
264	0
1141	0
1700	0
756	0
381	0
7	0
22	0
17	0
263	0
676	155
330	10
175	0
153	0
79	0
93	0
86	0
76	0
333	0
87	0
243	0
5	0
43	0
112	0
56	0
8	0
83	0
239	0
6	0
20	0
21	0
238	0
212	0
119	0
1449	0
200	0
128	0
91	0
10	0
1184	1397
59	0
82	0
246	0
1428	0
124	0
11255	0
4012	0
6600	0
3086	0
318	0
241	0
1028	0
17921	0
2394	0
1761	0
2201	0
11179	0
2218	0
2180	0
631	1792
780	0
480	0
251	0
14452	0
171	0
1522	0
230	0
234	0
464	0
571	0
186	0
127	0
183	0
100	0
82	0
288	0
92	0
322	0
537	0
583	0
1490	0
196	0
39	0
426	0
357	0
736	0
85	0
365	0
410	0
380	0
1636	0
954	0
826	0
1295	0
683	0
1311	0
790	0
428	0
1648	0
1007	0
5755	0
9377	0
92	0
454	0
364	0
307	0
1528	0
35	0
481	0
521	0
3012	0
692	0
3559	0
498	0
281	0
99	0
9	0
9	0
217	0
131	0
1273	0
741	0
172	0
958	0
95	0
222	0
250	0
373	0
381	0
129	0
174	0
120	0
402	0
2	0
21	0
16	0
0	0
443	0
91	0
384	0
779	0
2408	0
1385	0
484	0
202	0
661	0
297	0
67	0
1096	0
348	0
298	0
425	0
143	0
3804	0
867	0
97	0
147	0
257	0
153	0
139	0
4578	0
1472	0
304	0
1338	0
339	0
133	0
763	0
622	0
721	0
3545	0
915	0
2057	0
350	0
674	0
135	0
29	0
216	0
205	0
927	0
4449	0
1608	0
127	0
4082	0
99	0
12	0
14	0
76	0
299	0
211	0
310	0
150	0
114	0
292	0
7811	0
199	0
89	0
62	0
1883	0
2303	0
1065	0
547	0
214	0
69	0
65	0
95	0
1488	0
995	0
1281	0
3916	0
132	0
148	0
373	0
17	0
5	0
4	0
5	0
4	0
16	0
249	0
667	0
85	0
296	0
89	0
150	0
8	0
327	0
42	0
16	0
8	0
19	0
37	0
22	0
80	0
594	0
57	0
53	0
60	0
22	0
137	0
869	0
939	0
313	0
40	0
577	50
363	31
1077	0
241	0
341	0
75	0
177	0
665	0
91	0
120	0
239	64
26	0
15	0
1855	0
1255	0
928	0
202	0
12	0
50	0
138	0
2618	0
440	0
163	0
159	0
53	0
38	0
1710	0
1875	0
2902	0
3976	0
715	0
200	0
1596	0
105	0
250	0
1692	0
529	0
286	0
2769	0
6345	0
3390	0
487	0
883	0
2403	0
728	0
254	0
87	0
319	0
2	0
251	0
74	0
37	0
54	0
82	0
60	0
46	0
135	0
40	0
37	0
2273	0
631	0
427	0
2686	0
288	0
125	0
454	0
135	0
175	0
200	0
2378	0
461	0
235	0
29	0
283	0
449	0
464	0
120	0
58	0
163	0
620	0
151	0
87	0
10	0
15	0
64	0
71	0
147	0
184	0
58	0
53	0
25	0
123	0
95	0
989	0
395	0
46	0
104	0
246	0
257	0
152	0
140	0
192	0
2684	0
2285	0
19	0
8737	0
1379	0
318	0
446	0
1159	0
8416	0
751	0
2158	0
895	0
992	0
2262	0
67	0
207	0
45	0
53	0
467	0
44565	0
11686	0
7980	0
2681	0
266	0
2820	0
4429	0
86	0
10660	0
458	0
17378	1
170	0
23	0
180	0
256	0
45	0
28	0
68	0
98	0
894	0
125	0
184	0
298	0
50	0
37	0
2221	0
228	0
127	0
382	0
133	0
6474	0
470	0
245	0
3276	0
446	0
2970	0
201	0
1295	0
98	0
76	0
89	0
240	0
179	0
380	0
278	0
838	0
122	0
196	0
6030	0
383	0
1049	0
2888	0
313	0
1684	0
166	0
284	0
39	0
259	0
272	0
135	0
68	0
63	0
19	0
33	0
60	0
107	0
49	0
22	0
136	0
158	0
6	0
8	0
40	0
56	0
15	0
26	0
30	0
106	0
55	0
9	0
42	0
25	0
43	0
20	0
10	0
334	0
1003	0
178	0
26	0
1217	536
3640	79
1681	264
711	0
47	0
93	0
303	0
849	0
472	0
1209	0
218	0
488	0
267	0
215	0
623	0
94	0
371	0
359	0
868	0
3751	0
1699	0
1913	0
24	0
459	0
2852	0
233	0
228	0
354	0
436	0
84	0
417	0
238	0
2106	0
1531	0
1104	0
164	0
67	0
108	0
53	0
6	0
177	0
8355	0
7133	0
1882	0
552	0
10315	0
582	0
14	0
128	0
507	0
24	0
14	0
21	0
350	0
33	0
290	0
156	0
121	0
509	0
9994	0
163	0
2501	0
1641	0
271	0
249	0
2958	0
559	0
327	0
80	0
260	0
934	0
697	0
179	0
8	0
15	0
48	0
28	0
2	0
5	0
8	0
206	0
622	0
1749	0
71	0
7	0
381	0
2031	0
713	0
1298	0
233	0
10	0
3092	0
463	0
333	0
2465	0
2434	0
409	0
799	0
415	0
455	0
25	0
180	0
447	0
2407	0
2734	0
624	0
101	0
147	0
157	0
265	0
270	0
611	0
7471	0
12266	0
15752	0
7088	0
154	0
207	0
5115	0
1022	0
2155	0
225	0
1466	0
466	0
12463	0
1003	0
312	0
508	0
3760	0
2341	0
755	0
79	0
70	0
100	0
31	0
270	0
246	0
399	0
676	0
887	0
305	0
495	0
4	0
63	0
17	0
105	0
5	0
14	0
3061	0
29	0
15	0
67	0
72	0
9	0
34	0
11	0
7	0
17	0
10	0
78	0
49	0
15	0
42	0
43	0
584	0
125	3233
1453	0
123	0
165	0
147	0
2500	0
1237	0
2666	0
415	0
412	0
461	0
122	0
107	0
422	0
1540	0
1071	0
744	0
1195	0
940	0
6412	0
10458	0
2419	0
719	0
811	0
186	0
119	0
133	0
3306	0
268	0
12057	0
4018	0
5102	0
110	0
449	0
191	0
626	0
120	0
1569	0
342	0
293	0
968	0
1075	0
554	0
20028	0
824	0
5052	0
1462	0
45	0
58	0
640	0
484	0
221	0
245	0
91	0
234	0
44	0
74	0
65	0
50	0
622	0
168	0
1273	0
1143	0
68	0
276	0
768	0
208	0
306	0
864	0
128	0
782	0
81	0
1035	0
205	0
1228	0
3177	0
940	0
327	0
112	0
191	0
70	0
544	0
3835	0
742	0
886	0
2495	0
6215	0
112	0
1818	0
239	0
880	0
1256	0
2673	0
179	0
90	0
376	0
58	0
215	0
1422	0
272	0
264	0
357	0
10	0
2	0
17	0
21	0
31	0
48	0
256	0
12	0
4	0
6	0
37	0
1902	0
900	0
102	0
101	0
9034	0
6683	0
3218	0
1041	0
231	0
240	0
64	0
281	0
378	0
335	0
565	0
30	0
1	0
179	0
124	0
16	0
478	0
7341	258
205	0
511	0
379	0
622	0
141	0
136	0
19755	0
627	0
2254	0
2051	0
1701	0
2086	0
3288	0
292	0
873	0
25	0
114	0
615	0
352	0
127	0
37	0
338	0
277	0
272	0
60	0
428	0
52	0
18	0
172	0
36	0
88	0
302	0
1	0
15	0
216	0
94	0
238	0
25	0
91	0
164	0
33	0
6	0
6	0
31	0
20	0
3	0
1	0
38	0
29	0
106	0
211	0
95	0
15	0
49	0
135	0
1715	0
967	0
904	0
93	0
171	0
94	0
27	0
274	0
514	0
96	0
912	0
28	0
517	0
224	0
252	0
1592	0
2260	0
2576	0
667	0
502	0
537	0
187	0
105	0
258	0
324	0
250	0
168	0
166	0
26	0
98	10
102	155
158	0
50	0
13	0
37	0
194	0
36	0
50	0
46	0
42	0
64	0
336	0
240	0
184	0
36	0
67	0
102	0
60	0
153	0
2365	0
4079	0
320	0
270	0
199	0
152	0
400	0
241	0
801	0
174	0
249	0
94	0
94	0
3809	0
2392	0
60	0
134	0
407	0
142	0
111	0
1925	0
469	0
919	0
391	0
189	0
391	0
124	0
641	0
312	0
49	0
55	0
1430	0
111	0
170	0
681	0
1802	0
77	0
538	0
344	0
6503	0
334	0
163	0
324	0
131	0
2795	0
34	0
227	0
804	0
1923	0
94	0
174	0
283	0
77	0
113	0
97	0
129	0
502	0
946	0
886	0
283	0
921	0
15	0
26	0
1449	0
173	0
1601	0
635	0
4001	0
331	0
19	0
55	0
1332	0
262	0
343	0
176	0
4987	0
4652	0
8899	0
29249	0
1497	0
594	0
28	0
2162	0
110	0
252	0
192	0
103	0
219	0
242	0
121	0
174	0
874	0
1151	0
2247	0
1338	0
302	0
3183	0
370	0
60	0
323	0
103	0
66	0
53	0
122	0
270	0
581	0
679	0
827	0
267	0
350	0
4660	0
317	0
1179	0
1959	0
27	0
138	0
3137	0
10079	0
646	0
175	0
154	0
955	0
56	0
39	0
3	0
3	0
16	0
33	0
29	0
20	0
211	0
63	0
21	0
62	0
27	0
492	0
17	0
107	0
568	0
320	0
162	0
368	0
531	0
344	0
264	0
94	0
252	0
300	0
2062	0
154	0
1044	0
840	0
311	0
143	0
25	0
83	0
13	0
4	0
2	0
524	0
335	0
540	0
1425	0
2541	0
203	0
18	0
801	0
670	0
558	0
95	0
529	0
984	0
1201	0
97	0
190	0
138	0
148	0
69	0
44	0
37	0
24	0
26	0
17	0
9	0
10	0
12	0
20	0
5	0
28	0
14	0
46	0
87	0
2	0
11	0
7	0
91	0
488	0
192	0
38	0
38	0
77	0
728	0
10	0
38	0
65	0
73	0
15	0
3202	0
466	0
33	0
150	0
26	0
1	0
248	0
22	0
101	0
1	0
13	0
34	0
23	0
4	0
11	0
30	0
3	0
1	0
150	0
48	0
9	1029
20	300
52	0
49	0
61	0
34	0
27	0
16	0
22	0
21	0
63	0
18	0
1008	0
320	0
48	0
89	0
177	0
192	0
97	0
72	0
19	0
566	0
178	0
132	0
91	0
79	0
20	0
25	0
21	0
6	0
1709	0
24	0
10	0
12	0
30	0
3	0
131	0
1106	1
706	0
94	0
46	0
241	0
43	0
819	0
11	0
76	0
22	0
208	0
561	0
67	0
1052	0
519	0
160	0
538	0
758	0
159	0
5	0
212	0
175	0
380	0
46	0
12	0
1	0
55	0
40	0
40	0
30	0
16	0
21	0
51	0
9	0
74	0
133	0
68	0
26	0
94	0
4	0
46	0
90	0
38	0
281	0
185	0
128	0
249	0
113	0
521	0
27	0
125	0
49	0
45	0
13	0
49	0
28	0
58	0
67	0
14	0
0	0
22	0
24	0
1330	0
409	0
245	0
208	0
6	0
121	0
46	0
67	0
67	0
32	0
35	0
272	0
3	0
267	0
294	0
123	0
124	0
182	0
26	53
18	26
8	0
36	0
9	0
207	0
41	0
83	0
212	0
15	0
31	0
61	0
417	0
317	0
4	0
24	0
116	144
40	0
123	0
119	0
87	0
186	0
125	0
75	0
1160	0
99	0
79	0
61	0
192	0
11	0
11	0
22	0
46	0
63	0
30	0
28	0
4	0
64	0
39	0
59	0
1	0
0	0
2	0
5	0
3	0
1	0
11	0
10	0
3	0
15	0
13	0
20	0
21	0
82	0
73	0
4882	0
11	0
123	0
18	0
13	0
16	0
8	0
1	0
0	0
3	0
199	0
1487	0
126	0
76	0
37	0
672	0
160	0
411	0
101	0
91	0
5	0
13	0
69	0
27	0
94	0
42	0
185	0
169	0
17	0
137	0
125	0
706	0
332	0
157	0
6	0
186	0
603	0
357	0
261	0
233	0
111	0
17	0
12960	0
18834	0
4627	0
456	0
136	0
305	0
57	0
122	0
391	0
686	0
260	0
8498	0
7802	0
1193	0
888	0
119	0
885	0
1742	0
2271	0
4376	0
1729	0
2217	0
20705	0
2117	0
5225	0
963	0
191	0
166	0
192	0
1707	0
41	0
3	0
16	0
19	0
100	0
22	0
56	0
35	0
5	0
5	0
15	0
1	0
14	0
21	0
27	0
18	0
17	0
0	0
19	0
19	0
6	0
8	0
9	0
4	0
70	0
4	0
2	0
10	0
22	0
0	0
2	0
7	0
3	0
4	0
7	0
3	0
7	0
7	0
4	0
3	0
10	0
112	0
275	0
736	0
281	0
108	0
40	0
14	0
10	0
38	0
31	0
68	0
71	0
218	0
326	0
52	0
1289	0
69	0
0	0
86	0
6	0
110	0
133	0
23	0
144	0
128	0
16	0
24	0
15	0
51	0
47	0
14	0
66	0
61	0
54	0
152	0
986	0
728	0
331	0
597	0
50	0
16	0
21	0
12	0
17	0
19	0
12	0
8	0
21	0
90	0
27	0
23	0
7	0
50	0
370	0
89	0
108	0
336	0
127	0
52	0
47	0
22	0
39	0
32	0
30	0
36	0
4393	0
4796	0
49	0
9	0
85	0
10	0
33	0
17	0
3	0
7	0
6	0
7	0
143	0
1	0
32	0
13	0
386	0
5	0
9	0
23	0
0	0
1	0
16	0
5	0
4	0
21	0
1	0
8	0
1	0
2	0
1	0
4	0
17	0
5	0
5	0
1	0
39	0
414	0
867	0
87	0
15	0
31	0
97	0
226	0
18	0
25	0
107	0
165	0
495	0
116	0
61	0
27	0
6	0
10	0
113	0
328	0
51	0
79	0
166	0
399	0
255	0
65	0
130	0
16	0
26	0
45	0
110	0
31	0
367	0
63	0
110	0
4	0
19	0
30	0
171	0
106	0
16	0
4	0
14	0
1	0
6	0
35	0
68	0
184	0
177	0
120	0
252	0
329	0
77	0
71	0
17	0
91	0
40	0
1	0
8	0
12	0
10	0
14	0
39	0
14	0
435	0
147	0
170	0
39	0
23	0
36	0
2141	0
48	0
79	0
146	5
33	0
240	0
114	0
129	0
17	0
50	0
78	0
28	0
0	0
3	0
6	0
13	1
3	0
2	0
22	0
38	0
1	0
184	0
26	0
16	0
175	0
266	0
83	0
782	0
16	0
63	0
18	0
30	0
96	0
2	0
697	0
389	0
1449	0
680	0
83	0
13	0
5	0
1	0
9	0
42	0
190	0
80	0
8	0
85	0
53	0
66	0
95	0
202	0
35	0
32	0
125	0
75	0
7	0
106	0
29	0
4	0
85	0
26	0
12	0
8	0
10	0
129	0
98	0
83	0
1074	0
1140	0
74	0
748	0
471	0
67	0
139	0
161	2
93	0
294	0
143	0
47	0
37	0
674	0
174	0
552	0
242	0
39	0
41	0
178	0
245	0
229	0
95	0
135	0
22	0
912	0
11239	103
33773	0
17	0
100	0
151	0
167	0
149	0
69	0
12	0
9	0
1394	0
126	0
16	0
20	2
3	0
20	0
29	0
16	0
12	0
13	0
14	0
21	0
0	0
42	0
0	0
1	0
94	0
393	0
1766	0
155	0
54	0
316	0
8	0
4	0
22	0
383	0
395	0
75	0
36	0
242	0
157	0
332	0
169	0
1036	0
103	0
196	0
47	0
47	0
1226	0
184	0
392	0
327	0
1020	0
117	0
733	0
3223	0
308	0
93	0
254	0
658	0
1255	0
2671	0
107	0
3771	0
3854	0
2301	0
1581	0
1696	0
2789	0
3077	0
3031	0
4970	0
1051	0
692	0
298	0
9285	0
2438	0
1318	0
15458	0
109	0
56	0
85	0
15	0
19	0
1	0
12	0
13	0
83	0
47	0
2	0
15	0
27	0
23	0
28	0
1122	0
217	0
39	0
272	0
80	0
2432	0
3206	0
842	0
1396	0
32	0
210	0
37	0
868	0
657	0
179	0
617	0
92	0
221	0
28	0
25	0
3	0
15	0
317	0
111	0
364	0
343	0
1784	0
271	0
1659	0
163	0
2968	0
681	0
1657	0
559	0
3116	0
2317	0
715	0
5429	0
58	0
67	0
60	0
6	0
19	0
35	0
43	0
197	0
51	0
2778	0
34	0
847	0
1298	0
4123	0
165	0
692	0
254	0
694	0
1976	0
836	0
704	0
2065	0
474	0
3256	0
1326	0
9572	0
1267	0
2	417
261	0
45	0
5	0
22	0
15	0
30	0
5	0
14	0
92	2
2	0
85	0
3620	0
244	0
326	0
247	0
115	0
249	0
704	0
303	0
380	0
25	0
297	0
18	0
64	0
20	0
11	0
77	0
36	0
56	0
8	0
5	0
167	0
111	0
75	0
64	0
107	0
193	0
34	0
1062	0
6	0
1534	0
557	0
87	0
45	0
24	0
49	0
15	0
1	0
7	0
3	0
5	0
3	0
9	0
34	0
247	0
20	0
4	0
15	0
4	0
4	0
8	0
1	0
4	0
11	0
5	0
1	0
63	0
32	0
4	0
7	0
4	0
4	0
21	0
8	0
10	0
24	0
6	0
19	2
6	0
26	0
19	0
121	0
13	0
201	0
248	0
33	0
109	0
59	0
156	0
40	0
75	0
130	0
103	0
150	0
4	0
4	0
32	0
78	0
74	0
18	0
3	0
7	0
6	0
58	0
70	0
33	0
10	0
68	0
682	0
16	0
169	0
57	0
7	0
30	0
71	0
31	0
73	0
42	0
64	0
784	0
70	0
359	0
172	0
45	0
65	0
11	0
19	0
16	0
23	0
12	0
23	0
2	0
9	0
10	0
4	0
4	0
1	0
293	0
81	0
22	0
32	0
48	0
248	0
42	0
41	0
59	0
8	0
34	0
77	0
910	0
966	0
2078	0
661	0
309	0
801	0
791	0
55	0
15	0
162	0
5	0
19	0
546	0
8101	0
183	0
232	0
1517	0
30	0
16	0
21	0
86	0
107	0
66	0
5	0
46	0
156	0
19	0
5	0
0	0
32	0
10	0
7	0
221	0
10	0
5	0
23	0
16	0
144	0
11	0
70	0
19	0
35	0
81	0
74	0
288	0
47	0
62	0
52	0
44	0
51	0
44	0
6	0
59	0
209	0
168	0
40	0
38	0
199	0
339	0
24	0
4	0
636	0
10	0
45	0
23	0
120	0
1	0
7	0
3	0
10	0
5	0
1402	0
109	0
14	0
6	0
33	0
59	0
71	0
46	0
29	0
21	0
15	0
21	0
63	0
6	0
10	0
8	0
8	0
1	0
164	0
14	0
15	0
22	0
9	0
9	0
34	0
7	0
13	0
142	0
71	0
135	0
162	0
9	0
36	0
131	0
41	0
460	0
1429	0
1758	0
880	0
461	0
10	0
36	0
130	0
40	0
26	0
23	0
19	0
84	0
5	0
26	0
13	0
13	0
9	0
47	0
86	0
14	0
43	0
86	0
39	0
1	0
0	0
7	0
5	0
14	0
6	0
4	0
10	0
222	0
40	0
82	0
61	0
76	0
996	0
4	0
22	0
22	0
58	0
43	0
30	0
14	0
186	0
389	0
443	0
141	0
188	0
302	0
66	0
176	0
19	0
90	0
4	0
35	0
19	0
9	0
12	0
5	0
10	0
162	0
41	0
48	0
21	0
22	0
264	0
12	0
119	0
88	0
15	0
285	0
1855	0
105	0
179	0
80	0
7	0
12	0
21	0
68	0
111	0
25	0
13	0
27	0
68	0
66	0
86	0
455	0
7	0
15	0
26	0
1	0
28	0
3	0
12	0
17	0
10	0
86	0
16	0
20	0
174	0
12	0
38	0
65	0
7	0
8	0
2	0
3	0
452	0
183	0
159	0
114	0
25	0
67	0
46	0
111	0
24	0
15	0
6	0
110	0
458	0
281	0
898	0
255	0
82	0
173	0
87	0
120	0
65	0
42	0
123	0
138	0
26	0
435	0
120	0
3955	0
81	0
174	0
411	0
179	0
51	0
313	0
244	0
396	0
118	0
65	0
135	0
635	4
1675	0
72	0
313	0
318	0
85	0
36	0
31	0
4	0
209	0
4	0
3	0
123	0
258	0
245	0
23	0
32	0
62	0
424	0
5	0
273	0
184	0
60	0
3	0
10	0
19	0
12	0
232	0
209	0
190	0
280	0
64	17
208	26
163	198
922	0
2334	0
4960	0
158	0
30	0
150	0
41	0
6	0
599	0
13	0
6	0
109	0
2	0
860	268
148	0
11	0
259	0
346	0
2	0
2	0
4	0
4	0
3	0
7	0
6	0
12	0
100	0
71	0
30	0
449	0
25	0
291	0
14	0
2487	0
139	0
856	0
743	0
3	0
987	0
100	0
44	0
76	0
50	0
46	0
17	0
16	0
117	0
23	0
26	0
49	0
15	0
260	0
16	0
72	0
2649	0
1623	0
66	0
207	0
9	0
15	0
0	0
658	0
30	0
376	0
82	0
6	0
6	0
18	0
36	0
66	0
148	0
40	0
13	0
19	0
0	0
65	0
38	0
32	0
4	0
55	0
518	0
35	0
128	0
59	0
10	0
14	0
39	0
30	0
292	0
353	0
10	0
45	0
109	0
6	0
47	0
45	0
4	0
28	0
6	0
4	0
7	0
2	0
12	0
43	0
25	0
88	0
37	0
12	0
33	0
109	0
207	0
28	0
28	0
22	0
16	0
242	0
21	0
198	0
125	0
22	0
41	0
28	0
464	0
101	0
147	0
378	0
158	0
4	0
350	0
7	0
3	0
17	0
30	0
22	0
47	0
6636	0
128	0
215	0
6	0
7	0
56	0
159	0
91	0
351	0
519	0
1079	0
2105	0
369	0
65	0
174	0
56	0
59	0
708	0
77	0
221	0
19	0
68	0
23	0
75	0
1	0
97	0
8	0
40	0
41	0
25	0
20	0
30	0
22	0
262	0
75	0
59	0
3	0
6	0
44	0
9	0
39	0
325	0
109	0
6	0
29	0
24	0
14	0
97	0
24	0
18	0
22	0
9	0
142	0
56	0
93	0
435	0
392	0
115	0
11	0
18	0
20	0
35	0
79	0
254	0
80	0
66	0
16	0
0	0
10	0
111	0
50	0
5	0
1	0
19	0
6	0
4	0
8	0
20	0
2	0
7	0
26	0
10	0
7	0
5	0
66	0
44	0
9	0
19	0
8	0
5	0
3	0
3	0
5	0
18	0
15	0
13	0
6	0
42	0
18	0
117	0
47	0
42	0
49	0
152	0
37	0
5	0
4	0
16	0
49	0
19	0
26	0
38	0
35	0
62	0
155	0
225	0
36	0
136	0
176	0
176	0
429	0
1409	0
14	0
14	0
72	0
88	0
568	0
90	0
30	0
7	0
108	0
85	0
145	0
40	0
70	0
6	0
10	0
3	0
159	0
409	0
53	0
66	0
87	0
116	0
94	0
333	0
111	0
68	0
201	0
42	0
36	0
1194	0
22	0
110	0
5	0
7	0
18	0
11	0
7	0
18	0
9	0
4	0
7	0
20	0
4	0
20	0
5	0
5	0
11	0
539	0
1200	0
413	0
134	0
263	0
88	0
34	0
102	0
37	0
54	0
35	0
608	0
327	0
3662	0
1418	0
20	0
286	0
79	0
766	0
1334	0
10892	0
838	0
83095	0
21	0
77	0
7	0
81	0
10	0
12	0
23	0
172	0
31	0
75	0
28	0
319	0
30	0
88	0
235	0
374	0
91	0
14	0
41	0
105	0
9	50
6	31
1	0
7	0
8	0
52	0
52	0
17	0
28	0
12	0
8	0
15	0
62	0
20	0
85	0
12	0
7	0
4	0
6	0
42	0
10	0
99	0
0	0
19	0
21	0
9	0
12	0
444	0
8	0
103	0
4	0
3	0
5	0
17	0
90	0
31	0
287	0
11	0
105	0
18	0
24	0
71	0
64	0
142	0
19	0
29	0
19	0
201	0
12	0
160	0
517	0
95	0
955	0
66	0
144	0
32	0
34	0
22	0
33	0
14	0
21	0
41	0
9	0
23	0
6	0
64	0
491	0
220	4
15	0
174	0
99	0
15	0
7	0
7	0
7	0
11	0
8	0
2	0
1	0
65	0
11	0
90	0
233	0
10	0
6	0
6	0
274	0
35	0
12	0
7	0
3	0
35	0
36	0
8	0
57	0
51	0
213	0
39	0
76	0
4	0
66	0
356	0
658	0
17	0
1	0
2	0
1	0
20	0
613	0
456	0
12	0
314	0
159	0
50	0
134	0
51	0
164	0
49	0
13	0
268	0
54	0
110	0
50	0
18	0
70	0
156	0
42	0
145	0
21	0
19	0
205	0
907	0
53	0
33	0
394	0
373	0
359	0
59	0
60	0
166	0
1179	0
219	0
46	0
49	0
34	0
275	0
232	0
335	0
45	0
67	0
20	0
16	0
76	0
180	0
340	0
583	0
128	0
68	0
7	0
358	0
90	0
309	0
37	0
55	0
91	0
9	0
328	0
967	0
250	0
119	0
55	0
25	0
377	0
116	0
97	0
1047	0
507	0
815	0
3	0
18	0
617	0
147	0
70	0
126	0
72	0
82	0
78	0
32	0
6	0
29	0
49	0
72	0
91	0
196	0
347	0
39	0
23	0
126	0
98	0
60	0
17	0
170	0
57	0
35	0
49	0
75	2
50	0
108	0
381	0
40	0
27	0
78	0
14	0
13	0
10	0
318	0
69	0
1192	0
27	0
183	0
512	0
1044	0
112	0
238	0
224	0
130	0
650	0
547	0
686	0
512	0
272	0
132	0
38	0
90	0
625	0
420	0
20	0
3182	0
551	0
334	0
394	0
2430	0
2432	0
3596	0
954	0
453	0
773	0
988	0
76	0
70	0
36	0
229	0
56	0
38	0
76	0
12	0
25	0
104	0
143	0
279	0
136	0
171	0
90	0
3073	0
346	0
113	0
1252	0
3339	0
635	0
2607	0
46	0
7	0
23	0
69	0
31	0
21	0
25	0
132	0
344	0
212	0
42	0
68	0
13	0
36	0
22	0
38	0
63	0
17	0
191	0
91	0
1285	0
34	0
16	0
76	0
76	0
14	0
16	0
7	0
23	0
6	0
8	0
5	0
6	0
6	0
3	0
2	0
13	0
75	0
22	0
3999	0
427	0
61	0
24	0
18	0
38	0
19	0
28	0
7	0
553	0
5	0
15	0
8	0
4	0
5	0
5	0
14	0
4	0
15	0
13	0
18	0
8	0
19	0
4	0
82	0
156	0
470	0
233	0
309	0
505	0
1212	0
1616	0
42	0
129	0
172	0
19	0
16	0
18	0
37	0
99	0
29	0
112	0
42	0
10	0
897	0
320	0
315	0
38	0
25	0
27	0
65	0
623	0
227	0
13	0
2	0
6	0
11	0
62	0
21	0
538	0
14	0
1	0
3	0
8	0
13	1397
6	0
33	0
75	0
729	0
189	147
36	0
2482	0
67	0
8	0
545	0
814	0
152	0
165	0
66	0
112	0
203	0
4	0
14	0
89	0
10	0
17	0
16	0
88	0
374	0
124	0
105	0
62	0
30	0
33	0
84	0
7	0
30	0
21	0
24	0
56	0
68	0
2	0
40	0
5	0
3	0
4	0
8	0
65	0
35	0
47	0
79	0
109	0
8	0
427	0
194	0
156	0
72	0
13	0
44	0
24	0
124	0
214	0
33	0
76	0
0	0
21	0
0	0
57	198
95	26
16	17
374	0
92	0
124	0
117	0
53	0
30	0
175	0
10	0
67	0
42	0
193	0
131	0
1528	0
210	0
211	0
682	0
299	0
749	0
7148	0
64	0
21	0
19	0
102	0
33	0
87	0
640	0
1043	0
181	0
23	0
176	0
149	0
58	0
122	0
93	0
10	0
56	0
4	0
137	0
39	0
42	0
4	0
212	0
130	0
180	0
343	0
36	0
463	0
8	0
5	0
198	0
335	0
572	0
25	19
183	145
84	0
23	0
29	0
9	0
122	0
70	0
3	0
81	0
67	0
81	0
64	0
19	0
22	0
56	0
99	0
121	0
109	0
132	0
0	424
1129	0
5	5
133	0
1853	0
70	0
172	0
43	0
13	0
148	0
1320	0
1756	0
13	0
27	0
111	0
26	0
17	0
679	0
90	0
358	0
231	0
10	0
28	0
22	0
101	0
39	0
26	0
21	0
2	0
3	0
9	0
29	0
15	0
34	0
29	0
22	0
35	0
770	0
156	0
2	0
13	0
153	0
174	0
165	0
9	0
27	0
22	0
158	0
365	0
341	0
46	0
72	0
2776	0
24	0
35	0
232	0
40	0
81	0
182	0
23	0
18	0
8	0
4	0
16	0
57	0
71	0
15	0
4	0
14	0
13	0
5	0
88	0
155	0
150	0
8	0
55	0
68	0
1039	0
134	0
56	0
31	0
44	0
47	0
9	0
2	0
227	0
10	0
829	0
39	0
552	0
35	0
283	0
756	0
394	0
1359	113
3908	113
168	0
23	0
16	0
37	3
262	0
2	0
3	0
79	0
24	0
21	0
22	0
7	0
17	0
17	0
153	0
66	0
94	0
19	0
21	0
63	0
228	0
5	0
20	0
78	0
18	0
53	0
12	0
8	0
2	0
17	0
7	0
12	0
7	0
5	0
243	0
41	0
112	0
71	0
34	0
292	0
41	0
205	0
960	0
180	0
4	0
8	0
11	0
29	0
15	0
16	0
21	0
40	0
100	0
20	0
96	0
8	0
10	0
67	0
44	0
586	0
442	0
43	0
240	0
612	0
1333	0
85	0
20249	0
19244	0
6795	0
1781	0
1392	0
1423	0
18	0
12	0
70	0
198	0
53	0
38	0
634	0
52	0
1	0
184	0
51	0
271	0
25	0
17	0
1	0
1	0
69	0
891	0
19	0
79	0
28	0
72	0
46	0
137	0
114	0
26	0
5	0
16	0
11	0
74	0
55	0
61	0
8	0
3	0
23	0
132	0
180	0
145	0
832	0
22	0
16	0
7692	110
7024	0
245	0
195	0
1303	0
443	0
6	0
6	0
8	0
1	0
3	0
6	0
22	0
26	0
1454	0
387	0
334	0
333	0
3774	0
698	0
208	0
197	0
323	0
127	0
16	0
8	0
65	0
45	0
6	0
4	0
2	0
1	0
8	0
78	0
28	0
124	0
144	0
715	0
465	0
136	0
55	0
31	0
404	0
3	0
64	0
114	0
438	0
136	0
251	0
36	0
178	0
756	0
53	0
82	0
99	0
6	0
374	0
141	0
10	0
1	0
10	0
5	0
2	0
8	0
105	0
47	0
256	0
7	0
28	0
117	0
245	0
868	0
143	0
1308	0
4871	0
28	0
71	0
121	0
28	0
14	0
15	0
156	0
804	0
146	0
833	0
384	0
82	0
811	0
117	27
97	0
3	0
7	0
35	0
35	0
2	0
39	0
1	0
4	0
44	0
105	0
4	0
162	0
14	0
19	0
15	0
83	27
32	0
22	0
8	0
129	0
310	0
15	0
213	0
5	0
30	0
5	1
372	0
382	0
1235	0
454	0
120	0
25	0
6	0
11	0
33	0
10	0
848	0
296	0
150	0
82	0
655	0
314	0
227	0
620	0
949	0
339	0
344	0
21	0
10	0
229	0
141	0
69	0
119	0
48	0
140	0
111	0
252	0
10	0
43	0
20	0
31	0
21	0
2	0
4	0
28	0
25	0
31	0
65	0
1815	0
11	0
23	0
12	0
11	0
16	0
39	0
80	0
41	0
163	0
3	0
3	0
13	0
3	0
6	0
9	0
220	0
11	0
224	1
82	0
68	0
20	0
16	0
179	0
43	0
55	0
48	0
63	0
216	0
837	0
89	0
1164	0
171	0
84	0
27	0
40	0
399	0
895	0
410	0
426	0
118	0
1105	0
161	0
1115	0
118	0
261	0
182	0
297	0
401	0
26	0
528	0
413	0
114	0
49	0
194	0
1192	0
1442	0
911	0
16	0
171	0
212	0
33	0
585	0
2062	0
1182	0
2	0
53	0
135	0
7	0
181	0
62	0
86	0
122	0
73	0
2156	0
630	1792
1425	0
71	0
115	0
166	0
396	0
1043	0
1458	0
1697	0
1122	0
588	0
22	0
4	0
5	0
9	0
6	0
50	0
524	0
634	0
63	0
101	0
203	0
31	0
124	0
10747	0
146	0
53	0
170	0
510	0
485	0
1497	0
44	0
20	0
38	0
53	0
94	0
105	0
70	0
27	0
817	0
53	0
175	0
113	0
2	0
1	0
5	0
231	0
101	0
248	0
5	0
1284	0
74	0
62	0
6	0
1	0
71	0
40	0
72	0
48	0
700	0
64	0
13	0
26	0
18	0
20	0
12	0
161	0
65	0
207	0
242	0
107	0
48	0
19	0
266	0
10	0
46	0
65	0
30	0
93	0
41	0
26	0
13	0
16	0
8	0
2	0
2	0
10	0
4	0
16	0
14	0
1	0
4	0
3	0
41	0
5	0
22	0
83	0
159	0
6	0
8	0
9	0
1	0
7	0
1	0
8	0
15	0
5	0
2	0
4	0
9	0
2	0
55	0
18	0
18	0
24	0
451	0
13	0
54	0
12	0
110	0
88	0
12	0
12	0
72	0
9	0
96	0
35	0
79	0
95	0
22	0
81	0
147	0
118	0
1	0
60	0
9	0
148	0
294	0
83	0
44	0
401	0
44	0
809	0
582	0
46	0
2	0
390	0
39	0
1	0
6	0
2	0
137	0
438	0
3	0
6	0
1	0
64	0
13	0
45	0
3	0
11473	0
3039	0
30	0
11	0
5	0
9	0
71	0
2	0
21	0
7	0
48	0
29	0
179	0
148	0
1410	0
47	0
188	0
77	0
10	0
2	0
3	0
13	0
3	0
41	0
86	0
61	0
50	0
4	0
16	0
10	0
12	0
25	0
0	0
15	0
43	0
188	250
77	0
23	0
108	0
173	0
150	0
3	0
68	0
104	0
15	0
519	0
22	0
2	0
6	0
17	0
0	0
5	0
1	0
13	0
4	0
220	0
70	0
110	0
20	0
77	0
192	0
327	0
161	0
37	0
82	0
397	0
7	0
296	0
488	0
679	0
192	0
5	0
118	0
142	0
552	0
483	0
84	0
53	0
39	0
11	0
23	0
26	0
20	0
234	0
760	0
408	0
14	0
54	0
7	0
24	0
8	0
102	0
14	0
7	0
8	0
58	0
33	0
3424	0
845	0
1316	0
1107	0
2655	0
17	0
21	0
416	0
45	0
14	0
8	0
18	0
0	0
15	0
20	0
11	0
14	0
5	0
15	0
35	0
10	0
7	0
24	0
8	0
11	716
73	0
560	0
12	258
4	0
14	0
4	0
4	0
6	0
5	0
4	0
2	0
3	0
4	0
8	0
7	0
2	0
12	0
8	0
16	0
19	0
16	0
5	0
6	0
6	0
6	0
7	0
0	0
9	0
21	0
3	0
18	0
84	0
48	0
16	0
94	0
68	0
821	0
8909	0
21	0
36	0
2	0
21	0
83	0
48	0
234	0
37	0
80	0
356	0
248	0
585	0
66	0
367	0
28	0
0	0
22	0
3	0
14	0
80	0
167	0
28	0
10	0
7	0
24	0
61	0
30	0
10	0
2	0
5	0
5	0
3	0
183	0
33	0
150	0
3	0
12	0
17	0
5	0
10	0
14	0
34	0
169	0
45	0
493	0
481	0
1227	0
3	0
33	0
111	0
32	0
36	0
16	0
24	0
16	0
15	0
52	0
334	0
52	0
44	0
28	0
59	0
296	0
2112	0
2707	0
1091	0
4729	0
25	0
376	0
64	0
248	0
703	0
77	0
245	0
104	0
122	0
197	1
91	0
39	0
366	0
87	0
5	0
1	0
172	0
20	0
93	0
1197	0
23	0
12	0
5	0
1	0
75	0
163	0
70	0
94	0
105	0
102	0
28	0
29	0
97	0
34	0
606	0
49	0
84	0
142	0
59	0
91	0
34	0
92	0
560	0
321	0
24	0
1541	1365
228	0
45	0
14	0
180	0
11	0
11	0
3	0
6	0
147	0
55	0
6	0
61	0
1	0
22	0
38	0
5	0
2	0
5	0
6	0
3	0
7	0
40	0
26	0
126	0
169	0
264	0
256	0
12	0
22	0
1	0
35	0
40	0
107	0
88	0
6	0
106	0
826	0
94	0
191	0
722	0
131	0
94	0
22	0
15	0
2297	0
2266	0
1486	0
6	0
1849	0
57	0
1369	0
394	0
25	0
8	0
7	0
13	264
52	79
18	536
1362	0
52	0
92	0
29	0
2	0
818	0
203	0
30	0
8	0
2	0
6	0
36	0
66	0
206	0
307	0
568	0
345	0
106	0
368	0
56	0
24	0
55	0
114	0
213	0
67	0
203	0
185	0
96	0
9	0
21	0
11	0
23	0
362	0
437	0
110	0
907	0
18	0
9	0
3	0
84	0
63	0
30	0
15	0
46	0
466	0
15	0
9	0
0	0
27	0
135	0
13	0
63	0
455	0
20	53
13	26
7	0
248	0
18	0
26	0
13	0
65	0
40	0
43	0
18	0
17	0
182	0
96	0
963	0
451	1340
418	0
554	0
46	0
208	0
26	0
26	0
15	0
2	0
17	0
18	0
66	0
70	0
11	0
10	0
13	0
0	0
12	0
18	0
6	0
15	0
14	0
12	0
267	0
39	0
20	0
14	0
370	0
6	0
7	0
32	0
21	0
534	0
21	0
23	0
6	0
17	0
16	0
34	0
53	0
36	0
14	0
9	0
10	0
12	0
17	0
9	0
117	0
138	0
88	0
3	0
0	0
9	0
6	0
6	0
3	0
2	0
3	0
7	0
10	0
8	0
22	0
3	0
5	0
7	0
26	0
12	2
0	0
15	24
16	1
16	0
10	0
5	0
80	0
43	0
55	0
4	0
19	0
10	0
9	0
26	0
12	0
15	0
10	0
3	0
3	0
47	0
7	0
0	0
4	0
65	0
1	0
8	0
126	0
243	0
123	0
24	0
54	0
22	0
15	0
71	0
75	0
806	0
54	0
15	0
240	0
12	0
15	0
673	0
221	0
456	0
5211	0
294	0
749	0
174	0
444	0
27	0
5	0
127	0
80	17
19	0
13	0
6	0
36	0
13	0
25	0
22	0
13	0
12	0
217	110
85	0
81	0
127	0
996	0
172	0
1310	0
338	0
177	0
129	0
28	0
2377	0
1900	0
1086	0
208	0
243	0
297	5
78	0
600	0
287	0
66	0
53	0
14	0
42	17
57	0
461	0
156	0
42	0
76	0
37	0
37	0
17	0
143	0
10	0
14	0
3	0
2	0
6	0
1	0
6	0
0	0
7	0
7	0
876	0
1244	0
16	0
12	0
286	0
8	0
9	0
4	0
19	0
5	0
4	0
12	0
10	0
47	0
1	0
1	0
2	0
4	0
3	0
55	0
39	0
5	0
1	0
2	0
2	0
0	0
2	0
9	0
3	0
1	0
12	0
45	0
16	0
20	0
4	0
0	0
4	0
8	0
19	0
3	0
0	0
2	0
0	0
12	0
7	0
6	0
12	0
2	0
14	0
13	0
1	0
5	0
6	0
4	0
5	0
0	0
2	0
387	0
238	0
317	0
274	0
9	0
648	0
58	0
10	0
27	0
113	0
104	0
64	0
67	0
29	0
64	0
2	0
29	0
10	0
2	0
8	0
5	0
2	0
58	0
10	0
41	0
31	0
121	0
28	0
75	0
4	0
1	0
7	0
3	0
10	0
0	0
3	0
0	0
29	0
26	0
0	0
0	0
2	0
5	0
7	0
8	0
445	0
55	0
42	0
40	0
63	0
44	0
222	0
55	0
124	0
83	0
10	0
3	0
2	0
4	0
0	0
8	0
3	0
3	0
10	0
5	0
5	0
14	0
13	0
3	0
47	0
12	0
56	0
34	0
73	0
35	0
13	0
12	0
29	0
1	0
15	0
28	0
33	0
26	0
5	0
29	0
8	0
7	0
10	0
9	0
4	0
6	0
242	0
3044	0
864	0
52	0
35	0
146	0
27	0
476	0
690	0
1730	0
263	0
206	0
69	0
135	0
304	0
213	0
423	0
230	0
205	0
543	0
36	0
105	0
62	0
18	0
1	0
30	0
8	0
10	0
9	0
27	0
11	0
59	0
137	0
118	0
19	0
4	0
10	0
17	0
18	0
18	0
107	0
17	0
26	0
16	0
1	0
3	0
4	0
2	0
6	0
4	0
5	0
9	0
3	0
16	0
16	0
142	0
77	0
6	0
20	0
6	0
5	0
4	0
57	0
85	0
24	0
4	0
3	0
182	0
66	0
44	0
169	0
125	0
22	0
47	0
34	0
10	0
71	0
93	0
10	0
10	0
69	0
2	0
78	0
39	0
6	0
8	0
54	0
109	0
56	0
255	0
5	0
8	0
45	0
152	0
10	0
12	0
138	0
62	0
24	0
709	0
225	0
28	0
2	0
18	0
15	0
25	0
7	0
10	0
28	0
16	0
24	0
195	0
13	0
11	0
6	0
3	0
43	0
11	0
7	0
24	0
130	0
22	0
0	0
25	0
16	0
15	0
6	0
35	0
12	0
51	0
173	0
4	0
4	0
3	0
5	0
70	0
122	0
4	0
19	0
13	0
3	0
20	0
35	0
19	0
13	0
8	0
6	0
0	0
6	0
6	0
31	0
15	0
22	0
8	0
14	0
0	0
4	0
4	0
27	0
17	0
31	0
31	0
1	0
13	0
40	0
2	0
2	0
231	0
535	0
17	0
98	0
12	0
12	0
4	0
10	0
2	0
4	0
11	0
13	0
23	0
10	0
2	0
2	0
6	0
9	0
17	0
6	0
6	0
1	0
1	0
